ts,lpar,service_class,cpu
2026-05-01 00:00:00,PRODA,SYSTEM,4
2026-05-01 00:00:00,PRODA,STC,6
2026-05-01 00:00:00,PRODA,TSO,2
2026-05-01 00:00:00,PRODA,ONLINE,3.63
2026-05-01 00:00:00,PRODA,BATCH,44
2026-05-01 00:00:00,PRODA,DDF,3
2026-05-01 00:00:00,PRODB,SYSTEM,2.8
2026-05-01 00:00:00,PRODB,STC,4.2
2026-05-01 00:00:00,PRODB,TSO,1.4
2026-05-01 00:00:00,PRODB,ONLINE,2.54
2026-05-01 00:00:00,PRODB,BATCH,30.8
2026-05-01 00:00:00,PRODB,DDF,2.1
2026-05-01 01:00:00,PRODA,SYSTEM,5
2026-05-01 01:00:00,PRODA,STC,6.49
2026-05-01 01:00:00,PRODA,TSO,2
2026-05-01 01:00:00,PRODA,ONLINE,2.83
2026-05-01 01:00:00,PRODA,BATCH,44
2026-05-01 01:00:00,PRODA,DDF,3
2026-05-01 01:00:00,PRODB,SYSTEM,3.5
2026-05-01 01:00:00,PRODB,STC,4.55
2026-05-01 01:00:00,PRODB,TSO,1.4
2026-05-01 01:00:00,PRODB,ONLINE,1.98
2026-05-01 01:00:00,PRODB,BATCH,30.8
2026-05-01 01:00:00,PRODB,DDF,2.1
2026-05-01 02:00:00,PRODA,SYSTEM,6
2026-05-01 02:00:00,PRODA,STC,6.96
2026-05-01 02:00:00,PRODA,TSO,2
2026-05-01 02:00:00,PRODA,ONLINE,2.27
2026-05-01 02:00:00,PRODA,BATCH,44
2026-05-01 02:00:00,PRODA,DDF,3
2026-05-01 02:00:00,PRODB,SYSTEM,4.2
2026-05-01 02:00:00,PRODB,STC,4.87
2026-05-01 02:00:00,PRODB,TSO,1.4
2026-05-01 02:00:00,PRODB,ONLINE,1.59
2026-05-01 02:00:00,PRODB,BATCH,30.8
2026-05-01 02:00:00,PRODB,DDF,2.1
2026-05-01 03:00:00,PRODA,SYSTEM,4
2026-05-01 03:00:00,PRODA,STC,7.36
2026-05-01 03:00:00,PRODA,TSO,2
2026-05-01 03:00:00,PRODA,ONLINE,2.01
2026-05-01 03:00:00,PRODA,BATCH,44
2026-05-01 03:00:00,PRODA,DDF,3
2026-05-01 03:00:00,PRODB,SYSTEM,2.8
2026-05-01 03:00:00,PRODB,STC,5.15
2026-05-01 03:00:00,PRODB,TSO,1.4
2026-05-01 03:00:00,PRODB,ONLINE,1.41
2026-05-01 03:00:00,PRODB,BATCH,30.8
2026-05-01 03:00:00,PRODB,DDF,2.1
2026-05-01 04:00:00,PRODA,SYSTEM,5
2026-05-01 04:00:00,PRODA,STC,7.68
2026-05-01 04:00:00,PRODA,TSO,2
2026-05-01 04:00:00,PRODA,ONLINE,2.08
2026-05-01 04:00:00,PRODA,BATCH,44
2026-05-01 04:00:00,PRODA,DDF,3
2026-05-01 04:00:00,PRODB,SYSTEM,3.5
2026-05-01 04:00:00,PRODB,STC,5.38
2026-05-01 04:00:00,PRODB,TSO,1.4
2026-05-01 04:00:00,PRODB,ONLINE,1.46
2026-05-01 04:00:00,PRODB,BATCH,30.8
2026-05-01 04:00:00,PRODB,DDF,2.1
2026-05-01 05:00:00,PRODA,SYSTEM,6
2026-05-01 05:00:00,PRODA,STC,7.9
2026-05-01 05:00:00,PRODA,TSO,2
2026-05-01 05:00:00,PRODA,ONLINE,2.48
2026-05-01 05:00:00,PRODA,BATCH,44
2026-05-01 05:00:00,PRODA,DDF,3
2026-05-01 05:00:00,PRODB,SYSTEM,4.2
2026-05-01 05:00:00,PRODB,STC,5.53
2026-05-01 05:00:00,PRODB,TSO,1.4
2026-05-01 05:00:00,PRODB,ONLINE,1.73
2026-05-01 05:00:00,PRODB,BATCH,30.8
2026-05-01 05:00:00,PRODB,DDF,2.1
2026-05-01 06:00:00,PRODA,SYSTEM,4
2026-05-01 06:00:00,PRODA,STC,7.99
2026-05-01 06:00:00,PRODA,TSO,2
2026-05-01 06:00:00,PRODA,ONLINE,3.14
2026-05-01 06:00:00,PRODA,BATCH,14
2026-05-01 06:00:00,PRODA,DDF,3
2026-05-01 06:00:00,PRODB,SYSTEM,2.8
2026-05-01 06:00:00,PRODB,STC,5.6
2026-05-01 06:00:00,PRODB,TSO,1.4
2026-05-01 06:00:00,PRODB,ONLINE,2.2
2026-05-01 06:00:00,PRODB,BATCH,9.8
2026-05-01 06:00:00,PRODB,DDF,2.1
2026-05-01 07:00:00,PRODA,SYSTEM,5
2026-05-01 07:00:00,PRODA,STC,7.97
2026-05-01 07:00:00,PRODA,TSO,2
2026-05-01 07:00:00,PRODA,ONLINE,4.02
2026-05-01 07:00:00,PRODA,BATCH,14
2026-05-01 07:00:00,PRODA,DDF,3
2026-05-01 07:00:00,PRODB,SYSTEM,3.5
2026-05-01 07:00:00,PRODB,STC,5.58
2026-05-01 07:00:00,PRODB,TSO,1.4
2026-05-01 07:00:00,PRODB,ONLINE,2.81
2026-05-01 07:00:00,PRODB,BATCH,9.8
2026-05-01 07:00:00,PRODB,DDF,2.1
2026-05-01 08:00:00,PRODA,SYSTEM,6
2026-05-01 08:00:00,PRODA,STC,7.82
2026-05-01 08:00:00,PRODA,TSO,12
2026-05-01 08:00:00,PRODA,ONLINE,30
2026-05-01 08:00:00,PRODA,BATCH,8
2026-05-01 08:00:00,PRODA,DDF,17
2026-05-01 08:00:00,PRODB,SYSTEM,4.2
2026-05-01 08:00:00,PRODB,STC,5.47
2026-05-01 08:00:00,PRODB,TSO,8.4
2026-05-01 08:00:00,PRODB,ONLINE,21
2026-05-01 08:00:00,PRODB,BATCH,5.6
2026-05-01 08:00:00,PRODB,DDF,11.9
2026-05-01 09:00:00,PRODA,SYSTEM,4
2026-05-01 09:00:00,PRODA,STC,7.56
2026-05-01 09:00:00,PRODA,TSO,12
2026-05-01 09:00:00,PRODA,ONLINE,30.98
2026-05-01 09:00:00,PRODA,BATCH,8
2026-05-01 09:00:00,PRODA,DDF,17
2026-05-01 09:00:00,PRODB,SYSTEM,2.8
2026-05-01 09:00:00,PRODB,STC,5.29
2026-05-01 09:00:00,PRODB,TSO,8.4
2026-05-01 09:00:00,PRODB,ONLINE,21.69
2026-05-01 09:00:00,PRODB,BATCH,5.6
2026-05-01 09:00:00,PRODB,DDF,11.9
2026-05-01 10:00:00,PRODA,SYSTEM,5
2026-05-01 10:00:00,PRODA,STC,7.2
2026-05-01 10:00:00,PRODA,TSO,12
2026-05-01 10:00:00,PRODA,ONLINE,31.86
2026-05-01 10:00:00,PRODA,BATCH,8
2026-05-01 10:00:00,PRODA,DDF,17
2026-05-01 10:00:00,PRODB,SYSTEM,3.5
2026-05-01 10:00:00,PRODB,STC,5.04
2026-05-01 10:00:00,PRODB,TSO,8.4
2026-05-01 10:00:00,PRODB,ONLINE,22.3
2026-05-01 10:00:00,PRODB,BATCH,5.6
2026-05-01 10:00:00,PRODB,DDF,11.9
2026-05-01 11:00:00,PRODA,SYSTEM,6
2026-05-01 11:00:00,PRODA,STC,6.76
2026-05-01 11:00:00,PRODA,TSO,12
2026-05-01 11:00:00,PRODA,ONLINE,32.52
2026-05-01 11:00:00,PRODA,BATCH,8
2026-05-01 11:00:00,PRODA,DDF,17
2026-05-01 11:00:00,PRODB,SYSTEM,4.2
2026-05-01 11:00:00,PRODB,STC,4.73
2026-05-01 11:00:00,PRODB,TSO,8.4
2026-05-01 11:00:00,PRODB,ONLINE,22.77
2026-05-01 11:00:00,PRODB,BATCH,5.6
2026-05-01 11:00:00,PRODB,DDF,11.9
2026-05-01 12:00:00,PRODA,SYSTEM,4
2026-05-01 12:00:00,PRODA,STC,6.28
2026-05-01 12:00:00,PRODA,TSO,12
2026-05-01 12:00:00,PRODA,ONLINE,32.92
2026-05-01 12:00:00,PRODA,BATCH,8
2026-05-01 12:00:00,PRODA,DDF,17
2026-05-01 12:00:00,PRODB,SYSTEM,2.8
2026-05-01 12:00:00,PRODB,STC,4.4
2026-05-01 12:00:00,PRODB,TSO,8.4
2026-05-01 12:00:00,PRODB,ONLINE,23.04
2026-05-01 12:00:00,PRODB,BATCH,5.6
2026-05-01 12:00:00,PRODB,DDF,11.9
2026-05-01 13:00:00,PRODA,SYSTEM,5
2026-05-01 13:00:00,PRODA,STC,5.78
2026-05-01 13:00:00,PRODA,TSO,12
2026-05-01 13:00:00,PRODA,ONLINE,32.99
2026-05-01 13:00:00,PRODA,BATCH,8
2026-05-01 13:00:00,PRODA,DDF,17
2026-05-01 13:00:00,PRODB,SYSTEM,3.5
2026-05-01 13:00:00,PRODB,STC,4.05
2026-05-01 13:00:00,PRODB,TSO,8.4
2026-05-01 13:00:00,PRODB,ONLINE,23.09
2026-05-01 13:00:00,PRODB,BATCH,5.6
2026-05-01 13:00:00,PRODB,DDF,11.9
2026-05-01 14:00:00,PRODA,SYSTEM,6
2026-05-01 14:00:00,PRODA,STC,5.3
2026-05-01 14:00:00,PRODA,TSO,12
2026-05-01 14:00:00,PRODA,ONLINE,32.73
2026-05-01 14:00:00,PRODA,BATCH,8
2026-05-01 14:00:00,PRODA,DDF,17
2026-05-01 14:00:00,PRODB,SYSTEM,4.2
2026-05-01 14:00:00,PRODB,STC,3.71
2026-05-01 14:00:00,PRODB,TSO,8.4
2026-05-01 14:00:00,PRODB,ONLINE,22.91
2026-05-01 14:00:00,PRODB,BATCH,5.6
2026-05-01 14:00:00,PRODB,DDF,11.9
2026-05-01 15:00:00,PRODA,SYSTEM,4
2026-05-01 15:00:00,PRODA,STC,4.86
2026-05-01 15:00:00,PRODA,TSO,12
2026-05-01 15:00:00,PRODA,ONLINE,32.17
2026-05-01 15:00:00,PRODA,BATCH,8
2026-05-01 15:00:00,PRODA,DDF,17
2026-05-01 15:00:00,PRODB,SYSTEM,2.8
2026-05-01 15:00:00,PRODB,STC,3.4
2026-05-01 15:00:00,PRODB,TSO,8.4
2026-05-01 15:00:00,PRODB,ONLINE,22.52
2026-05-01 15:00:00,PRODB,BATCH,5.6
2026-05-01 15:00:00,PRODB,DDF,11.9
2026-05-01 16:00:00,PRODA,SYSTEM,5
2026-05-01 16:00:00,PRODA,STC,4.49
2026-05-01 16:00:00,PRODA,TSO,12
2026-05-01 16:00:00,PRODA,ONLINE,31.37
2026-05-01 16:00:00,PRODA,BATCH,8
2026-05-01 16:00:00,PRODA,DDF,17
2026-05-01 16:00:00,PRODB,SYSTEM,3.5
2026-05-01 16:00:00,PRODB,STC,3.14
2026-05-01 16:00:00,PRODB,TSO,8.4
2026-05-01 16:00:00,PRODB,ONLINE,21.96
2026-05-01 16:00:00,PRODB,BATCH,5.6
2026-05-01 16:00:00,PRODB,DDF,11.9
2026-05-01 17:00:00,PRODA,SYSTEM,6
2026-05-01 17:00:00,PRODA,STC,4.21
2026-05-01 17:00:00,PRODA,TSO,12
2026-05-01 17:00:00,PRODA,ONLINE,30.42
2026-05-01 17:00:00,PRODA,BATCH,8
2026-05-01 17:00:00,PRODA,DDF,17
2026-05-01 17:00:00,PRODB,SYSTEM,4.2
2026-05-01 17:00:00,PRODB,STC,2.95
2026-05-01 17:00:00,PRODB,TSO,8.4
2026-05-01 17:00:00,PRODB,ONLINE,21.3
2026-05-01 17:00:00,PRODB,BATCH,5.6
2026-05-01 17:00:00,PRODB,DDF,11.9
2026-05-01 18:00:00,PRODA,SYSTEM,4
2026-05-01 18:00:00,PRODA,STC,4.04
2026-05-01 18:00:00,PRODA,TSO,12
2026-05-01 18:00:00,PRODA,ONLINE,29.43
2026-05-01 18:00:00,PRODA,BATCH,8
2026-05-01 18:00:00,PRODA,DDF,17
2026-05-01 18:00:00,PRODB,SYSTEM,2.8
2026-05-01 18:00:00,PRODB,STC,2.83
2026-05-01 18:00:00,PRODB,TSO,8.4
2026-05-01 18:00:00,PRODB,ONLINE,20.6
2026-05-01 18:00:00,PRODB,BATCH,5.6
2026-05-01 18:00:00,PRODB,DDF,11.9
2026-05-01 19:00:00,PRODA,SYSTEM,5
2026-05-01 19:00:00,PRODA,STC,4
2026-05-01 19:00:00,PRODA,TSO,2
2026-05-01 19:00:00,PRODA,ONLINE,3.5
2026-05-01 19:00:00,PRODA,BATCH,14
2026-05-01 19:00:00,PRODA,DDF,3
2026-05-01 19:00:00,PRODB,SYSTEM,3.5
2026-05-01 19:00:00,PRODB,STC,2.8
2026-05-01 19:00:00,PRODB,TSO,1.4
2026-05-01 19:00:00,PRODB,ONLINE,2.45
2026-05-01 19:00:00,PRODB,BATCH,9.8
2026-05-01 19:00:00,PRODB,DDF,2.1
2026-05-01 20:00:00,PRODA,SYSTEM,6
2026-05-01 20:00:00,PRODA,STC,4.08
2026-05-01 20:00:00,PRODA,TSO,2
2026-05-01 20:00:00,PRODA,ONLINE,2.73
2026-05-01 20:00:00,PRODA,BATCH,14
2026-05-01 20:00:00,PRODA,DDF,3
2026-05-01 20:00:00,PRODB,SYSTEM,4.2
2026-05-01 20:00:00,PRODB,STC,2.86
2026-05-01 20:00:00,PRODB,TSO,1.4
2026-05-01 20:00:00,PRODB,ONLINE,1.91
2026-05-01 20:00:00,PRODB,BATCH,9.8
2026-05-01 20:00:00,PRODB,DDF,2.1
2026-05-01 21:00:00,PRODA,SYSTEM,4
2026-05-01 21:00:00,PRODA,STC,4.28
2026-05-01 21:00:00,PRODA,TSO,2
2026-05-01 21:00:00,PRODA,ONLINE,2.21
2026-05-01 21:00:00,PRODA,BATCH,14
2026-05-01 21:00:00,PRODA,DDF,3
2026-05-01 21:00:00,PRODB,SYSTEM,2.8
2026-05-01 21:00:00,PRODB,STC,3
2026-05-01 21:00:00,PRODB,TSO,1.4
2026-05-01 21:00:00,PRODB,ONLINE,1.55
2026-05-01 21:00:00,PRODB,BATCH,9.8
2026-05-01 21:00:00,PRODB,DDF,2.1
2026-05-01 22:00:00,PRODA,SYSTEM,5
2026-05-01 22:00:00,PRODA,STC,4.59
2026-05-01 22:00:00,PRODA,TSO,2
2026-05-01 22:00:00,PRODA,ONLINE,2
2026-05-01 22:00:00,PRODA,BATCH,44
2026-05-01 22:00:00,PRODA,DDF,3
2026-05-01 22:00:00,PRODB,SYSTEM,3.5
2026-05-01 22:00:00,PRODB,STC,3.21
2026-05-01 22:00:00,PRODB,TSO,1.4
2026-05-01 22:00:00,PRODB,ONLINE,1.4
2026-05-01 22:00:00,PRODB,BATCH,30.8
2026-05-01 22:00:00,PRODB,DDF,2.1
2026-05-01 23:00:00,PRODA,SYSTEM,6
2026-05-01 23:00:00,PRODA,STC,4.98
2026-05-01 23:00:00,PRODA,TSO,2
2026-05-01 23:00:00,PRODA,ONLINE,2.12
2026-05-01 23:00:00,PRODA,BATCH,44
2026-05-01 23:00:00,PRODA,DDF,3
2026-05-01 23:00:00,PRODB,SYSTEM,4.2
2026-05-01 23:00:00,PRODB,STC,3.49
2026-05-01 23:00:00,PRODB,TSO,1.4
2026-05-01 23:00:00,PRODB,ONLINE,1.49
2026-05-01 23:00:00,PRODB,BATCH,30.8
2026-05-01 23:00:00,PRODB,DDF,2.1
2026-05-02 00:00:00,PRODA,SYSTEM,4
2026-05-02 00:00:00,PRODA,STC,6
2026-05-02 00:00:00,PRODA,TSO,2
2026-05-02 00:00:00,PRODA,ONLINE,3.63
2026-05-02 00:00:00,PRODA,BATCH,44
2026-05-02 00:00:00,PRODA,DDF,3
2026-05-02 00:00:00,PRODB,SYSTEM,2.8
2026-05-02 00:00:00,PRODB,STC,4.2
2026-05-02 00:00:00,PRODB,TSO,1.4
2026-05-02 00:00:00,PRODB,ONLINE,2.54
2026-05-02 00:00:00,PRODB,BATCH,30.8
2026-05-02 00:00:00,PRODB,DDF,2.1
2026-05-02 01:00:00,PRODA,SYSTEM,5
2026-05-02 01:00:00,PRODA,STC,6.49
2026-05-02 01:00:00,PRODA,TSO,2
2026-05-02 01:00:00,PRODA,ONLINE,2.83
2026-05-02 01:00:00,PRODA,BATCH,44
2026-05-02 01:00:00,PRODA,DDF,3
2026-05-02 01:00:00,PRODB,SYSTEM,3.5
2026-05-02 01:00:00,PRODB,STC,4.55
2026-05-02 01:00:00,PRODB,TSO,1.4
2026-05-02 01:00:00,PRODB,ONLINE,1.98
2026-05-02 01:00:00,PRODB,BATCH,30.8
2026-05-02 01:00:00,PRODB,DDF,2.1
2026-05-02 02:00:00,PRODA,SYSTEM,6
2026-05-02 02:00:00,PRODA,STC,6.96
2026-05-02 02:00:00,PRODA,TSO,2
2026-05-02 02:00:00,PRODA,ONLINE,2.27
2026-05-02 02:00:00,PRODA,BATCH,44
2026-05-02 02:00:00,PRODA,DDF,3
2026-05-02 02:00:00,PRODB,SYSTEM,4.2
2026-05-02 02:00:00,PRODB,STC,4.87
2026-05-02 02:00:00,PRODB,TSO,1.4
2026-05-02 02:00:00,PRODB,ONLINE,1.59
2026-05-02 02:00:00,PRODB,BATCH,30.8
2026-05-02 02:00:00,PRODB,DDF,2.1
2026-05-02 03:00:00,PRODA,SYSTEM,4
2026-05-02 03:00:00,PRODA,STC,7.36
2026-05-02 03:00:00,PRODA,TSO,2
2026-05-02 03:00:00,PRODA,ONLINE,2.01
2026-05-02 03:00:00,PRODA,BATCH,44
2026-05-02 03:00:00,PRODA,DDF,3
2026-05-02 03:00:00,PRODB,SYSTEM,2.8
2026-05-02 03:00:00,PRODB,STC,5.15
2026-05-02 03:00:00,PRODB,TSO,1.4
2026-05-02 03:00:00,PRODB,ONLINE,1.41
2026-05-02 03:00:00,PRODB,BATCH,30.8
2026-05-02 03:00:00,PRODB,DDF,2.1
2026-05-02 04:00:00,PRODA,SYSTEM,5
2026-05-02 04:00:00,PRODA,STC,7.68
2026-05-02 04:00:00,PRODA,TSO,2
2026-05-02 04:00:00,PRODA,ONLINE,2.08
2026-05-02 04:00:00,PRODA,BATCH,44
2026-05-02 04:00:00,PRODA,DDF,3
2026-05-02 04:00:00,PRODB,SYSTEM,3.5
2026-05-02 04:00:00,PRODB,STC,5.38
2026-05-02 04:00:00,PRODB,TSO,1.4
2026-05-02 04:00:00,PRODB,ONLINE,1.46
2026-05-02 04:00:00,PRODB,BATCH,30.8
2026-05-02 04:00:00,PRODB,DDF,2.1
2026-05-02 05:00:00,PRODA,SYSTEM,6
2026-05-02 05:00:00,PRODA,STC,7.9
2026-05-02 05:00:00,PRODA,TSO,2
2026-05-02 05:00:00,PRODA,ONLINE,2.48
2026-05-02 05:00:00,PRODA,BATCH,44
2026-05-02 05:00:00,PRODA,DDF,3
2026-05-02 05:00:00,PRODB,SYSTEM,4.2
2026-05-02 05:00:00,PRODB,STC,5.53
2026-05-02 05:00:00,PRODB,TSO,1.4
2026-05-02 05:00:00,PRODB,ONLINE,1.73
2026-05-02 05:00:00,PRODB,BATCH,30.8
2026-05-02 05:00:00,PRODB,DDF,2.1
2026-05-02 06:00:00,PRODA,SYSTEM,4
2026-05-02 06:00:00,PRODA,STC,7.99
2026-05-02 06:00:00,PRODA,TSO,2
2026-05-02 06:00:00,PRODA,ONLINE,3.14
2026-05-02 06:00:00,PRODA,BATCH,14
2026-05-02 06:00:00,PRODA,DDF,3
2026-05-02 06:00:00,PRODB,SYSTEM,2.8
2026-05-02 06:00:00,PRODB,STC,5.6
2026-05-02 06:00:00,PRODB,TSO,1.4
2026-05-02 06:00:00,PRODB,ONLINE,2.2
2026-05-02 06:00:00,PRODB,BATCH,9.8
2026-05-02 06:00:00,PRODB,DDF,2.1
2026-05-02 07:00:00,PRODA,SYSTEM,5
2026-05-02 07:00:00,PRODA,STC,7.97
2026-05-02 07:00:00,PRODA,TSO,2
2026-05-02 07:00:00,PRODA,ONLINE,4.02
2026-05-02 07:00:00,PRODA,BATCH,14
2026-05-02 07:00:00,PRODA,DDF,3
2026-05-02 07:00:00,PRODB,SYSTEM,3.5
2026-05-02 07:00:00,PRODB,STC,5.58
2026-05-02 07:00:00,PRODB,TSO,1.4
2026-05-02 07:00:00,PRODB,ONLINE,2.81
2026-05-02 07:00:00,PRODB,BATCH,9.8
2026-05-02 07:00:00,PRODB,DDF,2.1
2026-05-02 08:00:00,PRODA,SYSTEM,6
2026-05-02 08:00:00,PRODA,STC,7.82
2026-05-02 08:00:00,PRODA,TSO,12
2026-05-02 08:00:00,PRODA,ONLINE,30
2026-05-02 08:00:00,PRODA,BATCH,8
2026-05-02 08:00:00,PRODA,DDF,17
2026-05-02 08:00:00,PRODB,SYSTEM,4.2
2026-05-02 08:00:00,PRODB,STC,5.47
2026-05-02 08:00:00,PRODB,TSO,8.4
2026-05-02 08:00:00,PRODB,ONLINE,21
2026-05-02 08:00:00,PRODB,BATCH,5.6
2026-05-02 08:00:00,PRODB,DDF,11.9
2026-05-02 09:00:00,PRODA,SYSTEM,4
2026-05-02 09:00:00,PRODA,STC,7.56
2026-05-02 09:00:00,PRODA,TSO,12
2026-05-02 09:00:00,PRODA,ONLINE,30.98
2026-05-02 09:00:00,PRODA,BATCH,8
2026-05-02 09:00:00,PRODA,DDF,17
2026-05-02 09:00:00,PRODB,SYSTEM,2.8
2026-05-02 09:00:00,PRODB,STC,5.29
2026-05-02 09:00:00,PRODB,TSO,8.4
2026-05-02 09:00:00,PRODB,ONLINE,21.69
2026-05-02 09:00:00,PRODB,BATCH,5.6
2026-05-02 09:00:00,PRODB,DDF,11.9
2026-05-02 10:00:00,PRODA,SYSTEM,5
2026-05-02 10:00:00,PRODA,STC,7.2
2026-05-02 10:00:00,PRODA,TSO,12
2026-05-02 10:00:00,PRODA,ONLINE,31.86
2026-05-02 10:00:00,PRODA,BATCH,8
2026-05-02 10:00:00,PRODA,DDF,17
2026-05-02 10:00:00,PRODB,SYSTEM,3.5
2026-05-02 10:00:00,PRODB,STC,5.04
2026-05-02 10:00:00,PRODB,TSO,8.4
2026-05-02 10:00:00,PRODB,ONLINE,22.3
2026-05-02 10:00:00,PRODB,BATCH,5.6
2026-05-02 10:00:00,PRODB,DDF,11.9
2026-05-02 11:00:00,PRODA,SYSTEM,6
2026-05-02 11:00:00,PRODA,STC,6.76
2026-05-02 11:00:00,PRODA,TSO,12
2026-05-02 11:00:00,PRODA,ONLINE,32.52
2026-05-02 11:00:00,PRODA,BATCH,8
2026-05-02 11:00:00,PRODA,DDF,17
2026-05-02 11:00:00,PRODB,SYSTEM,4.2
2026-05-02 11:00:00,PRODB,STC,4.73
2026-05-02 11:00:00,PRODB,TSO,8.4
2026-05-02 11:00:00,PRODB,ONLINE,22.77
2026-05-02 11:00:00,PRODB,BATCH,5.6
2026-05-02 11:00:00,PRODB,DDF,11.9
2026-05-02 12:00:00,PRODA,SYSTEM,4
2026-05-02 12:00:00,PRODA,STC,6.28
2026-05-02 12:00:00,PRODA,TSO,12
2026-05-02 12:00:00,PRODA,ONLINE,32.92
2026-05-02 12:00:00,PRODA,BATCH,8
2026-05-02 12:00:00,PRODA,DDF,17
2026-05-02 12:00:00,PRODB,SYSTEM,2.8
2026-05-02 12:00:00,PRODB,STC,4.4
2026-05-02 12:00:00,PRODB,TSO,8.4
2026-05-02 12:00:00,PRODB,ONLINE,23.04
2026-05-02 12:00:00,PRODB,BATCH,5.6
2026-05-02 12:00:00,PRODB,DDF,11.9
2026-05-02 13:00:00,PRODA,SYSTEM,5
2026-05-02 13:00:00,PRODA,STC,5.78
2026-05-02 13:00:00,PRODA,TSO,12
2026-05-02 13:00:00,PRODA,ONLINE,32.99
2026-05-02 13:00:00,PRODA,BATCH,8
2026-05-02 13:00:00,PRODA,DDF,17
2026-05-02 13:00:00,PRODB,SYSTEM,3.5
2026-05-02 13:00:00,PRODB,STC,4.05
2026-05-02 13:00:00,PRODB,TSO,8.4
2026-05-02 13:00:00,PRODB,ONLINE,23.09
2026-05-02 13:00:00,PRODB,BATCH,5.6
2026-05-02 13:00:00,PRODB,DDF,11.9
2026-05-02 14:00:00,PRODA,SYSTEM,6
2026-05-02 14:00:00,PRODA,STC,5.3
2026-05-02 14:00:00,PRODA,TSO,12
2026-05-02 14:00:00,PRODA,ONLINE,32.73
2026-05-02 14:00:00,PRODA,BATCH,8
2026-05-02 14:00:00,PRODA,DDF,17
2026-05-02 14:00:00,PRODB,SYSTEM,4.2
2026-05-02 14:00:00,PRODB,STC,3.71
2026-05-02 14:00:00,PRODB,TSO,8.4
2026-05-02 14:00:00,PRODB,ONLINE,22.91
2026-05-02 14:00:00,PRODB,BATCH,5.6
2026-05-02 14:00:00,PRODB,DDF,11.9
2026-05-02 15:00:00,PRODA,SYSTEM,4
2026-05-02 15:00:00,PRODA,STC,4.86
2026-05-02 15:00:00,PRODA,TSO,12
2026-05-02 15:00:00,PRODA,ONLINE,32.17
2026-05-02 15:00:00,PRODA,BATCH,8
2026-05-02 15:00:00,PRODA,DDF,17
2026-05-02 15:00:00,PRODB,SYSTEM,2.8
2026-05-02 15:00:00,PRODB,STC,3.4
2026-05-02 15:00:00,PRODB,TSO,8.4
2026-05-02 15:00:00,PRODB,ONLINE,22.52
2026-05-02 15:00:00,PRODB,BATCH,5.6
2026-05-02 15:00:00,PRODB,DDF,11.9
2026-05-02 16:00:00,PRODA,SYSTEM,5
2026-05-02 16:00:00,PRODA,STC,4.49
2026-05-02 16:00:00,PRODA,TSO,12
2026-05-02 16:00:00,PRODA,ONLINE,31.37
2026-05-02 16:00:00,PRODA,BATCH,8
2026-05-02 16:00:00,PRODA,DDF,17
2026-05-02 16:00:00,PRODB,SYSTEM,3.5
2026-05-02 16:00:00,PRODB,STC,3.14
2026-05-02 16:00:00,PRODB,TSO,8.4
2026-05-02 16:00:00,PRODB,ONLINE,21.96
2026-05-02 16:00:00,PRODB,BATCH,5.6
2026-05-02 16:00:00,PRODB,DDF,11.9
2026-05-02 17:00:00,PRODA,SYSTEM,6
2026-05-02 17:00:00,PRODA,STC,4.21
2026-05-02 17:00:00,PRODA,TSO,12
2026-05-02 17:00:00,PRODA,ONLINE,30.42
2026-05-02 17:00:00,PRODA,BATCH,8
2026-05-02 17:00:00,PRODA,DDF,17
2026-05-02 17:00:00,PRODB,SYSTEM,4.2
2026-05-02 17:00:00,PRODB,STC,2.95
2026-05-02 17:00:00,PRODB,TSO,8.4
2026-05-02 17:00:00,PRODB,ONLINE,21.3
2026-05-02 17:00:00,PRODB,BATCH,5.6
2026-05-02 17:00:00,PRODB,DDF,11.9
2026-05-02 18:00:00,PRODA,SYSTEM,4
2026-05-02 18:00:00,PRODA,STC,4.04
2026-05-02 18:00:00,PRODA,TSO,12
2026-05-02 18:00:00,PRODA,ONLINE,29.43
2026-05-02 18:00:00,PRODA,BATCH,8
2026-05-02 18:00:00,PRODA,DDF,17
2026-05-02 18:00:00,PRODB,SYSTEM,2.8
2026-05-02 18:00:00,PRODB,STC,2.83
2026-05-02 18:00:00,PRODB,TSO,8.4
2026-05-02 18:00:00,PRODB,ONLINE,20.6
2026-05-02 18:00:00,PRODB,BATCH,5.6
2026-05-02 18:00:00,PRODB,DDF,11.9
2026-05-02 19:00:00,PRODA,SYSTEM,5
2026-05-02 19:00:00,PRODA,STC,4
2026-05-02 19:00:00,PRODA,TSO,2
2026-05-02 19:00:00,PRODA,ONLINE,3.5
2026-05-02 19:00:00,PRODA,BATCH,14
2026-05-02 19:00:00,PRODA,DDF,3
2026-05-02 19:00:00,PRODB,SYSTEM,3.5
2026-05-02 19:00:00,PRODB,STC,2.8
2026-05-02 19:00:00,PRODB,TSO,1.4
2026-05-02 19:00:00,PRODB,ONLINE,2.45
2026-05-02 19:00:00,PRODB,BATCH,9.8
2026-05-02 19:00:00,PRODB,DDF,2.1
2026-05-02 20:00:00,PRODA,SYSTEM,6
2026-05-02 20:00:00,PRODA,STC,4.08
2026-05-02 20:00:00,PRODA,TSO,2
2026-05-02 20:00:00,PRODA,ONLINE,2.73
2026-05-02 20:00:00,PRODA,BATCH,14
2026-05-02 20:00:00,PRODA,DDF,3
2026-05-02 20:00:00,PRODB,SYSTEM,4.2
2026-05-02 20:00:00,PRODB,STC,2.86
2026-05-02 20:00:00,PRODB,TSO,1.4
2026-05-02 20:00:00,PRODB,ONLINE,1.91
2026-05-02 20:00:00,PRODB,BATCH,9.8
2026-05-02 20:00:00,PRODB,DDF,2.1
2026-05-02 21:00:00,PRODA,SYSTEM,4
2026-05-02 21:00:00,PRODA,STC,4.28
2026-05-02 21:00:00,PRODA,TSO,2
2026-05-02 21:00:00,PRODA,ONLINE,2.21
2026-05-02 21:00:00,PRODA,BATCH,14
2026-05-02 21:00:00,PRODA,DDF,3
2026-05-02 21:00:00,PRODB,SYSTEM,2.8
2026-05-02 21:00:00,PRODB,STC,3
2026-05-02 21:00:00,PRODB,TSO,1.4
2026-05-02 21:00:00,PRODB,ONLINE,1.55
2026-05-02 21:00:00,PRODB,BATCH,9.8
2026-05-02 21:00:00,PRODB,DDF,2.1
2026-05-02 22:00:00,PRODA,SYSTEM,5
2026-05-02 22:00:00,PRODA,STC,4.59
2026-05-02 22:00:00,PRODA,TSO,2
2026-05-02 22:00:00,PRODA,ONLINE,2
2026-05-02 22:00:00,PRODA,BATCH,44
2026-05-02 22:00:00,PRODA,DDF,3
2026-05-02 22:00:00,PRODB,SYSTEM,3.5
2026-05-02 22:00:00,PRODB,STC,3.21
2026-05-02 22:00:00,PRODB,TSO,1.4
2026-05-02 22:00:00,PRODB,ONLINE,1.4
2026-05-02 22:00:00,PRODB,BATCH,30.8
2026-05-02 22:00:00,PRODB,DDF,2.1
2026-05-02 23:00:00,PRODA,SYSTEM,6
2026-05-02 23:00:00,PRODA,STC,4.98
2026-05-02 23:00:00,PRODA,TSO,2
2026-05-02 23:00:00,PRODA,ONLINE,2.12
2026-05-02 23:00:00,PRODA,BATCH,44
2026-05-02 23:00:00,PRODA,DDF,3
2026-05-02 23:00:00,PRODB,SYSTEM,4.2
2026-05-02 23:00:00,PRODB,STC,3.49
2026-05-02 23:00:00,PRODB,TSO,1.4
2026-05-02 23:00:00,PRODB,ONLINE,1.49
2026-05-02 23:00:00,PRODB,BATCH,30.8
2026-05-02 23:00:00,PRODB,DDF,2.1
2026-05-03 00:00:00,PRODA,SYSTEM,4
2026-05-03 00:00:00,PRODA,STC,6
2026-05-03 00:00:00,PRODA,TSO,2
2026-05-03 00:00:00,PRODA,ONLINE,3.63
2026-05-03 00:00:00,PRODA,BATCH,44
2026-05-03 00:00:00,PRODA,DDF,3
2026-05-03 00:00:00,PRODB,SYSTEM,2.8
2026-05-03 00:00:00,PRODB,STC,4.2
2026-05-03 00:00:00,PRODB,TSO,1.4
2026-05-03 00:00:00,PRODB,ONLINE,2.54
2026-05-03 00:00:00,PRODB,BATCH,30.8
2026-05-03 00:00:00,PRODB,DDF,2.1
2026-05-03 01:00:00,PRODA,SYSTEM,5
2026-05-03 01:00:00,PRODA,STC,6.49
2026-05-03 01:00:00,PRODA,TSO,2
2026-05-03 01:00:00,PRODA,ONLINE,2.83
2026-05-03 01:00:00,PRODA,BATCH,44
2026-05-03 01:00:00,PRODA,DDF,3
2026-05-03 01:00:00,PRODB,SYSTEM,3.5
2026-05-03 01:00:00,PRODB,STC,4.55
2026-05-03 01:00:00,PRODB,TSO,1.4
2026-05-03 01:00:00,PRODB,ONLINE,1.98
2026-05-03 01:00:00,PRODB,BATCH,30.8
2026-05-03 01:00:00,PRODB,DDF,2.1
2026-05-03 02:00:00,PRODA,SYSTEM,6
2026-05-03 02:00:00,PRODA,STC,6.96
2026-05-03 02:00:00,PRODA,TSO,2
2026-05-03 02:00:00,PRODA,ONLINE,2.27
2026-05-03 02:00:00,PRODA,BATCH,44
2026-05-03 02:00:00,PRODA,DDF,3
2026-05-03 02:00:00,PRODB,SYSTEM,4.2
2026-05-03 02:00:00,PRODB,STC,4.87
2026-05-03 02:00:00,PRODB,TSO,1.4
2026-05-03 02:00:00,PRODB,ONLINE,1.59
2026-05-03 02:00:00,PRODB,BATCH,30.8
2026-05-03 02:00:00,PRODB,DDF,2.1
2026-05-03 03:00:00,PRODA,SYSTEM,4
2026-05-03 03:00:00,PRODA,STC,7.36
2026-05-03 03:00:00,PRODA,TSO,2
2026-05-03 03:00:00,PRODA,ONLINE,2.01
2026-05-03 03:00:00,PRODA,BATCH,44
2026-05-03 03:00:00,PRODA,DDF,3
2026-05-03 03:00:00,PRODB,SYSTEM,2.8
2026-05-03 03:00:00,PRODB,STC,5.15
2026-05-03 03:00:00,PRODB,TSO,1.4
2026-05-03 03:00:00,PRODB,ONLINE,1.41
2026-05-03 03:00:00,PRODB,BATCH,30.8
2026-05-03 03:00:00,PRODB,DDF,2.1
2026-05-03 04:00:00,PRODA,SYSTEM,5
2026-05-03 04:00:00,PRODA,STC,7.68
2026-05-03 04:00:00,PRODA,TSO,2
2026-05-03 04:00:00,PRODA,ONLINE,2.08
2026-05-03 04:00:00,PRODA,BATCH,44
2026-05-03 04:00:00,PRODA,DDF,3
2026-05-03 04:00:00,PRODB,SYSTEM,3.5
2026-05-03 04:00:00,PRODB,STC,5.38
2026-05-03 04:00:00,PRODB,TSO,1.4
2026-05-03 04:00:00,PRODB,ONLINE,1.46
2026-05-03 04:00:00,PRODB,BATCH,30.8
2026-05-03 04:00:00,PRODB,DDF,2.1
2026-05-03 05:00:00,PRODA,SYSTEM,6
2026-05-03 05:00:00,PRODA,STC,7.9
2026-05-03 05:00:00,PRODA,TSO,2
2026-05-03 05:00:00,PRODA,ONLINE,2.48
2026-05-03 05:00:00,PRODA,BATCH,44
2026-05-03 05:00:00,PRODA,DDF,3
2026-05-03 05:00:00,PRODB,SYSTEM,4.2
2026-05-03 05:00:00,PRODB,STC,5.53
2026-05-03 05:00:00,PRODB,TSO,1.4
2026-05-03 05:00:00,PRODB,ONLINE,1.73
2026-05-03 05:00:00,PRODB,BATCH,30.8
2026-05-03 05:00:00,PRODB,DDF,2.1
2026-05-03 06:00:00,PRODA,SYSTEM,4
2026-05-03 06:00:00,PRODA,STC,7.99
2026-05-03 06:00:00,PRODA,TSO,2
2026-05-03 06:00:00,PRODA,ONLINE,3.14
2026-05-03 06:00:00,PRODA,BATCH,14
2026-05-03 06:00:00,PRODA,DDF,3
2026-05-03 06:00:00,PRODB,SYSTEM,2.8
2026-05-03 06:00:00,PRODB,STC,5.6
2026-05-03 06:00:00,PRODB,TSO,1.4
2026-05-03 06:00:00,PRODB,ONLINE,2.2
2026-05-03 06:00:00,PRODB,BATCH,9.8
2026-05-03 06:00:00,PRODB,DDF,2.1
2026-05-03 07:00:00,PRODA,SYSTEM,5
2026-05-03 07:00:00,PRODA,STC,7.97
2026-05-03 07:00:00,PRODA,TSO,2
2026-05-03 07:00:00,PRODA,ONLINE,4.02
2026-05-03 07:00:00,PRODA,BATCH,14
2026-05-03 07:00:00,PRODA,DDF,3
2026-05-03 07:00:00,PRODB,SYSTEM,3.5
2026-05-03 07:00:00,PRODB,STC,5.58
2026-05-03 07:00:00,PRODB,TSO,1.4
2026-05-03 07:00:00,PRODB,ONLINE,2.81
2026-05-03 07:00:00,PRODB,BATCH,9.8
2026-05-03 07:00:00,PRODB,DDF,2.1
2026-05-03 08:00:00,PRODA,SYSTEM,6
2026-05-03 08:00:00,PRODA,STC,7.82
2026-05-03 08:00:00,PRODA,TSO,12
2026-05-03 08:00:00,PRODA,ONLINE,30
2026-05-03 08:00:00,PRODA,BATCH,8
2026-05-03 08:00:00,PRODA,DDF,17
2026-05-03 08:00:00,PRODB,SYSTEM,4.2
2026-05-03 08:00:00,PRODB,STC,5.47
2026-05-03 08:00:00,PRODB,TSO,8.4
2026-05-03 08:00:00,PRODB,ONLINE,21
2026-05-03 08:00:00,PRODB,BATCH,5.6
2026-05-03 08:00:00,PRODB,DDF,11.9
2026-05-03 09:00:00,PRODA,SYSTEM,4
2026-05-03 09:00:00,PRODA,STC,7.56
2026-05-03 09:00:00,PRODA,TSO,12
2026-05-03 09:00:00,PRODA,ONLINE,30.98
2026-05-03 09:00:00,PRODA,BATCH,8
2026-05-03 09:00:00,PRODA,DDF,17
2026-05-03 09:00:00,PRODB,SYSTEM,2.8
2026-05-03 09:00:00,PRODB,STC,5.29
2026-05-03 09:00:00,PRODB,TSO,8.4
2026-05-03 09:00:00,PRODB,ONLINE,21.69
2026-05-03 09:00:00,PRODB,BATCH,5.6
2026-05-03 09:00:00,PRODB,DDF,11.9
2026-05-03 10:00:00,PRODA,SYSTEM,5
2026-05-03 10:00:00,PRODA,STC,7.2
2026-05-03 10:00:00,PRODA,TSO,12
2026-05-03 10:00:00,PRODA,ONLINE,31.86
2026-05-03 10:00:00,PRODA,BATCH,8
2026-05-03 10:00:00,PRODA,DDF,17
2026-05-03 10:00:00,PRODB,SYSTEM,3.5
2026-05-03 10:00:00,PRODB,STC,5.04
2026-05-03 10:00:00,PRODB,TSO,8.4
2026-05-03 10:00:00,PRODB,ONLINE,22.3
2026-05-03 10:00:00,PRODB,BATCH,5.6
2026-05-03 10:00:00,PRODB,DDF,11.9
2026-05-03 11:00:00,PRODA,SYSTEM,6
2026-05-03 11:00:00,PRODA,STC,6.76
2026-05-03 11:00:00,PRODA,TSO,12
2026-05-03 11:00:00,PRODA,ONLINE,32.52
2026-05-03 11:00:00,PRODA,BATCH,8
2026-05-03 11:00:00,PRODA,DDF,17
2026-05-03 11:00:00,PRODB,SYSTEM,4.2
2026-05-03 11:00:00,PRODB,STC,4.73
2026-05-03 11:00:00,PRODB,TSO,8.4
2026-05-03 11:00:00,PRODB,ONLINE,22.77
2026-05-03 11:00:00,PRODB,BATCH,5.6
2026-05-03 11:00:00,PRODB,DDF,11.9
2026-05-03 12:00:00,PRODA,SYSTEM,4
2026-05-03 12:00:00,PRODA,STC,6.28
2026-05-03 12:00:00,PRODA,TSO,12
2026-05-03 12:00:00,PRODA,ONLINE,32.92
2026-05-03 12:00:00,PRODA,BATCH,8
2026-05-03 12:00:00,PRODA,DDF,17
2026-05-03 12:00:00,PRODB,SYSTEM,2.8
2026-05-03 12:00:00,PRODB,STC,4.4
2026-05-03 12:00:00,PRODB,TSO,8.4
2026-05-03 12:00:00,PRODB,ONLINE,23.04
2026-05-03 12:00:00,PRODB,BATCH,5.6
2026-05-03 12:00:00,PRODB,DDF,11.9
2026-05-03 13:00:00,PRODA,SYSTEM,5
2026-05-03 13:00:00,PRODA,STC,5.78
2026-05-03 13:00:00,PRODA,TSO,12
2026-05-03 13:00:00,PRODA,ONLINE,32.99
2026-05-03 13:00:00,PRODA,BATCH,8
2026-05-03 13:00:00,PRODA,DDF,17
2026-05-03 13:00:00,PRODB,SYSTEM,3.5
2026-05-03 13:00:00,PRODB,STC,4.05
2026-05-03 13:00:00,PRODB,TSO,8.4
2026-05-03 13:00:00,PRODB,ONLINE,23.09
2026-05-03 13:00:00,PRODB,BATCH,5.6
2026-05-03 13:00:00,PRODB,DDF,11.9
2026-05-03 14:00:00,PRODA,SYSTEM,6
2026-05-03 14:00:00,PRODA,STC,5.3
2026-05-03 14:00:00,PRODA,TSO,12
2026-05-03 14:00:00,PRODA,ONLINE,32.73
2026-05-03 14:00:00,PRODA,BATCH,8
2026-05-03 14:00:00,PRODA,DDF,17
2026-05-03 14:00:00,PRODB,SYSTEM,4.2
2026-05-03 14:00:00,PRODB,STC,3.71
2026-05-03 14:00:00,PRODB,TSO,8.4
2026-05-03 14:00:00,PRODB,ONLINE,22.91
2026-05-03 14:00:00,PRODB,BATCH,5.6
2026-05-03 14:00:00,PRODB,DDF,11.9
2026-05-03 15:00:00,PRODA,SYSTEM,4
2026-05-03 15:00:00,PRODA,STC,4.86
2026-05-03 15:00:00,PRODA,TSO,12
2026-05-03 15:00:00,PRODA,ONLINE,32.17
2026-05-03 15:00:00,PRODA,BATCH,8
2026-05-03 15:00:00,PRODA,DDF,17
2026-05-03 15:00:00,PRODB,SYSTEM,2.8
2026-05-03 15:00:00,PRODB,STC,3.4
2026-05-03 15:00:00,PRODB,TSO,8.4
2026-05-03 15:00:00,PRODB,ONLINE,22.52
2026-05-03 15:00:00,PRODB,BATCH,5.6
2026-05-03 15:00:00,PRODB,DDF,11.9
2026-05-03 16:00:00,PRODA,SYSTEM,5
2026-05-03 16:00:00,PRODA,STC,4.49
2026-05-03 16:00:00,PRODA,TSO,12
2026-05-03 16:00:00,PRODA,ONLINE,31.37
2026-05-03 16:00:00,PRODA,BATCH,8
2026-05-03 16:00:00,PRODA,DDF,17
2026-05-03 16:00:00,PRODB,SYSTEM,3.5
2026-05-03 16:00:00,PRODB,STC,3.14
2026-05-03 16:00:00,PRODB,TSO,8.4
2026-05-03 16:00:00,PRODB,ONLINE,21.96
2026-05-03 16:00:00,PRODB,BATCH,5.6
2026-05-03 16:00:00,PRODB,DDF,11.9
2026-05-03 17:00:00,PRODA,SYSTEM,6
2026-05-03 17:00:00,PRODA,STC,4.21
2026-05-03 17:00:00,PRODA,TSO,12
2026-05-03 17:00:00,PRODA,ONLINE,30.42
2026-05-03 17:00:00,PRODA,BATCH,8
2026-05-03 17:00:00,PRODA,DDF,17
2026-05-03 17:00:00,PRODB,SYSTEM,4.2
2026-05-03 17:00:00,PRODB,STC,2.95
2026-05-03 17:00:00,PRODB,TSO,8.4
2026-05-03 17:00:00,PRODB,ONLINE,21.3
2026-05-03 17:00:00,PRODB,BATCH,5.6
2026-05-03 17:00:00,PRODB,DDF,11.9
2026-05-03 18:00:00,PRODA,SYSTEM,4
2026-05-03 18:00:00,PRODA,STC,4.04
2026-05-03 18:00:00,PRODA,TSO,12
2026-05-03 18:00:00,PRODA,ONLINE,29.43
2026-05-03 18:00:00,PRODA,BATCH,8
2026-05-03 18:00:00,PRODA,DDF,17
2026-05-03 18:00:00,PRODB,SYSTEM,2.8
2026-05-03 18:00:00,PRODB,STC,2.83
2026-05-03 18:00:00,PRODB,TSO,8.4
2026-05-03 18:00:00,PRODB,ONLINE,20.6
2026-05-03 18:00:00,PRODB,BATCH,5.6
2026-05-03 18:00:00,PRODB,DDF,11.9
2026-05-03 19:00:00,PRODA,SYSTEM,5
2026-05-03 19:00:00,PRODA,STC,4
2026-05-03 19:00:00,PRODA,TSO,2
2026-05-03 19:00:00,PRODA,ONLINE,3.5
2026-05-03 19:00:00,PRODA,BATCH,14
2026-05-03 19:00:00,PRODA,DDF,3
2026-05-03 19:00:00,PRODB,SYSTEM,3.5
2026-05-03 19:00:00,PRODB,STC,2.8
2026-05-03 19:00:00,PRODB,TSO,1.4
2026-05-03 19:00:00,PRODB,ONLINE,2.45
2026-05-03 19:00:00,PRODB,BATCH,9.8
2026-05-03 19:00:00,PRODB,DDF,2.1
2026-05-03 20:00:00,PRODA,SYSTEM,6
2026-05-03 20:00:00,PRODA,STC,4.08
2026-05-03 20:00:00,PRODA,TSO,2
2026-05-03 20:00:00,PRODA,ONLINE,2.73
2026-05-03 20:00:00,PRODA,BATCH,14
2026-05-03 20:00:00,PRODA,DDF,3
2026-05-03 20:00:00,PRODB,SYSTEM,4.2
2026-05-03 20:00:00,PRODB,STC,2.86
2026-05-03 20:00:00,PRODB,TSO,1.4
2026-05-03 20:00:00,PRODB,ONLINE,1.91
2026-05-03 20:00:00,PRODB,BATCH,9.8
2026-05-03 20:00:00,PRODB,DDF,2.1
2026-05-03 21:00:00,PRODA,SYSTEM,4
2026-05-03 21:00:00,PRODA,STC,4.28
2026-05-03 21:00:00,PRODA,TSO,2
2026-05-03 21:00:00,PRODA,ONLINE,2.21
2026-05-03 21:00:00,PRODA,BATCH,14
2026-05-03 21:00:00,PRODA,DDF,3
2026-05-03 21:00:00,PRODB,SYSTEM,2.8
2026-05-03 21:00:00,PRODB,STC,3
2026-05-03 21:00:00,PRODB,TSO,1.4
2026-05-03 21:00:00,PRODB,ONLINE,1.55
2026-05-03 21:00:00,PRODB,BATCH,9.8
2026-05-03 21:00:00,PRODB,DDF,2.1
2026-05-03 22:00:00,PRODA,SYSTEM,5
2026-05-03 22:00:00,PRODA,STC,4.59
2026-05-03 22:00:00,PRODA,TSO,2
2026-05-03 22:00:00,PRODA,ONLINE,2
2026-05-03 22:00:00,PRODA,BATCH,44
2026-05-03 22:00:00,PRODA,DDF,3
2026-05-03 22:00:00,PRODB,SYSTEM,3.5
2026-05-03 22:00:00,PRODB,STC,3.21
2026-05-03 22:00:00,PRODB,TSO,1.4
2026-05-03 22:00:00,PRODB,ONLINE,1.4
2026-05-03 22:00:00,PRODB,BATCH,30.8
2026-05-03 22:00:00,PRODB,DDF,2.1
2026-05-03 23:00:00,PRODA,SYSTEM,6
2026-05-03 23:00:00,PRODA,STC,4.98
2026-05-03 23:00:00,PRODA,TSO,2
2026-05-03 23:00:00,PRODA,ONLINE,2.12
2026-05-03 23:00:00,PRODA,BATCH,44
2026-05-03 23:00:00,PRODA,DDF,3
2026-05-03 23:00:00,PRODB,SYSTEM,4.2
2026-05-03 23:00:00,PRODB,STC,3.49
2026-05-03 23:00:00,PRODB,TSO,1.4
2026-05-03 23:00:00,PRODB,ONLINE,1.49
2026-05-03 23:00:00,PRODB,BATCH,30.8
2026-05-03 23:00:00,PRODB,DDF,2.1
